persona_id,product_id,send_purpose,has_event,event_content
2,67125,Acquisition,1,첫 구매 무료배송 이벤트
1,61940,Acquisition,0,
0,57781,Revenue,1,오늘 자정까지 구매 시 추가 할인
0,61206,Activation,0,
2,64484,Activation,1,24시간 한정 체험 할인
2,64395,Activation,1,24시간 한정 체험 할인
1,63288,Acquisition,1,첫 구매 무료배송 이벤트
0,60463,Referral,1,추천 성공 시 포인트 적립
1,65331,Acquisition,0,
2,60463,Referral,1,친구 추천 시 양쪽 10% 할인
3,50918,Retention,1,최근 구매 고객 대상 리워드 지급
1,57874,Acquisition,1,신규 고객 대상 첫 구매 15% 할인
3,50913,Acquisition,0,
0,59134,Acquisition,0,
4,66707,Activation,0,
4,62845,Activation,1,첫 사용 감사 10% 쿠폰
2,61610,Referral,1,추천 성공 시 포인트 적립
2,56901,Referral,1,친구 추천 시 양쪽 10% 할인
4,24032,Acquisition,1,첫 구매 무료배송 이벤트
2,65457,Referral,0,
1,59116,Activation,1,앱 첫 접속 기념 보너스 지급
3,65684,Referral,0,
3,19625,Retention,1,최근 구매 고객 대상 리워드 지급
1,18844,Activation,1,앱 첫 접속 기념 보너스 지급
0,21745,Retention,1,재구매 고객 전용 5천원 할인
3,54845,Referral,1,지인 초대 시 추가 혜택 제공
1,67652,Revenue,0,
4,67383,Acquisition,1,첫 구매 무료배송 이벤트
1,66689,Activation,0,
1,19625,Retention,1,최근 구매 고객 대상 리워드 지급
2,56084,Revenue,0,
1,62897,Revenue,1,오늘 자정까지 구매 시 추가 할인
1,57229,Activation,0,
4,57939,Activation,1,24시간 한정 체험 할인
4,57586,Revenue,1,결제 완료 시 사은품 증정
0,31334,Acquisition,0,
3,59238,Acquisition,0,
0,62898,Retention,0,
3,65985,Acquisition,0,
0,57282,Revenue,1,결제 완료 시 사은품 증정
0,52299,Revenue,1,오늘 자정까지 구매 시 추가 할인
0,57874,Referral,1,지인 초대 시 추가 혜택 제공
2,46086,Revenue,0,
2,59265,Acquisition,0,
3,45511,Retention,1,최근 구매 고객 대상 리워드 지급
3,60390,Referral,1,친구 추천 시 양쪽 10% 할인
1,47897,Acquisition,0,
2,65589,Retention,0,
3,59221,Acquisition,1,회원가입 전용 웰컴 쿠폰 지급
2,61850,Referral,1,추천 성공 시 포인트 적립
2,58001,Revenue,1,오늘 자정까지 구매 시 추가 할인
1,66884,Referral,1,지인 초대 시 추가 혜택 제공
3,67397,Revenue,1,오늘 자정까지 구매 시 추가 할인
4,59134,Referral,0,
0,57565,Activation,0,
1,61927,Acquisition,1,첫 구매 무료배송 이벤트
0,59011,Acquisition,1,신규 고객 대상 첫 구매 15% 할인
0,15999,Activation,0,
3,32261,Revenue,0,
3,63663,Acquisition,1,신규 고객 대상 첫 구매 15% 할인
2,65604,Activation,0,
0,32261,Acquisition,0,
0,57204,Retention,1,최근 구매 고객 대상 리워드 지급
4,62213,Revenue,1,오늘 자정까지 구매 시 추가 할인
2,19046,Retention,1,재구매 고객 전용 5천원 할인
0,39994,Revenue,1,결제 완료 시 사은품 증정
1,64484,Activation,0,
4,52644,Revenue,0,
3,61715,Revenue,1,오늘 자정까지 구매 시 추가 할인
0,59902,Activation,0,
1,63998,Revenue,1,장바구니 상품 즉시 10% 할인
4,57204,Acquisition,1,첫 구매 무료배송 이벤트
4,66014,Referral,1,지인 초대 시 추가 혜택 제공
0,50911,Activation,1,앱 첫 접속 기념 보너스 지급
3,61125,Referral,0,
3,55481,Activation,1,앱 첫 접속 기념 보너스 지급
1,45627,Activation,0,
4,57571,Retention,0,
1,64635,Retention,1,단골 고객 감사 쿠폰
3,66605,Revenue,1,결제 완료 시 사은품 증정
4,57874,Referral,0,
3,48589,Activation,1,앱 첫 접속 기념 보너스 지급
3,57037,Revenue,1,결제 완료 시 사은품 증정
0,57466,Acquisition,1,첫 구매 무료배송 이벤트
0,18844,Activation,0,
1,62810,Acquisition,0,
2,20447,Revenue,0,
2,66675,Retention,1,재구매 고객 전용 5천원 할인
1,67493,Revenue,1,결제 완료 시 사은품 증정
2,58365,Acquisition,1,신규 고객 대상 첫 구매 15% 할인
0,64174,Activation,1,첫 사용 감사 10% 쿠폰
2,57022,Referral,0,
3,66682,Revenue,0,
3,62214,Activation,1,첫 사용 감사 10% 쿠폰
0,61495,Retention,0,
0,61235,Retention,0,
0,15571,Retention,0,
0,60982,Activation,0,
3,59290,Revenue,1,장바구니 상품 즉시 10% 할인
4,64885,Activation,1,앱 첫 접속 기념 보너스 지급
0,49308,Activation,1,24시간 한정 체험 할인
3,66713,Referral,0,
1,47513,Referral,0,
0,60774,Revenue,1,장바구니 상품 즉시 10% 할인
3,57999,Referral,1,친구 추천 시 양쪽 10% 할인
3,19777,Retention,0,
2,66075,Referral,1,지인 초대 시 추가 혜택 제공
3,66268,Retention,1,최근 구매 고객 대상 리워드 지급
2,59571,Revenue,1,장바구니 상품 즉시 10% 할인
3,66237,Activation,1,첫 사용 감사 10% 쿠폰
2,15999,Activation,1,24시간 한정 체험 할인
2,66837,Referral,1,추천 성공 시 포인트 적립
4,19046,Retention,0,
1,65431,Acquisition,1,회원가입 전용 웰컴 쿠폰 지급
4,64656,Acquisition,1,첫 구매 무료배송 이벤트
2,66235,Acquisition,0,
1,57036,Activation,1,첫 사용 감사 10% 쿠폰
3,58262,Activation,1,24시간 한정 체험 할인
2,17777,Retention,0,
2,54845,Referral,1,친구 추천 시 양쪽 10% 할인
3,63921,Acquisition,1,첫 구매 무료배송 이벤트
1,65044,Retention,0,
1,57939,Retention,0,
2,27442,Referral,1,추천 성공 시 포인트 적립
4,66910,Retention,0,
0,66730,Referral,1,친구 추천 시 양쪽 10% 할인
4,61945,Revenue,0,
1,64006,Referral,0,
4,63716,Acquisition,0,
1,60390,Acquisition,0,
1,63714,Referral,0,
3,57014,Revenue,0,
0,59290,Revenue,1,오늘 자정까지 구매 시 추가 할인
1,60844,Acquisition,1,회원가입 전용 웰컴 쿠폰 지급
1,67444,Revenue,1,결제 완료 시 사은품 증정
4,60941,Retention,0,
0,64627,Activation,1,24시간 한정 체험 할인
0,65432,Retention,0,
0,24196,Acquisition,1,신규 고객 대상 첫 구매 15% 할인
2,60086,Revenue,1,장바구니 상품 즉시 10% 할인
1,66887,Referral,0,
4,64490,Activation,0,
1,66361,Referral,0,
4,64011,Acquisition,1,회원가입 전용 웰컴 쿠폰 지급
3,66948,Revenue,1,결제 완료 시 사은품 증정
3,60604,Referral,1,친구 추천 시 양쪽 10% 할인
2,62214,Referral,1,지인 초대 시 추가 혜택 제공
0,64215,Activation,0,
3,60084,Activation,1,앱 첫 접속 기념 보너스 지급
1,64695,Revenue,1,결제 완료 시 사은품 증정
2,58978,Activation,1,첫 사용 감사 10% 쿠폰
1,64183,Referral,1,추천 성공 시 포인트 적립
0,56086,Referral,1,지인 초대 시 추가 혜택 제공
3,47852,Acquisition,0,
4,63995,Referral,0,
3,53259,Revenue,1,결제 완료 시 사은품 증정
4,64217,Retention,1,단골 고객 감사 쿠폰
1,59996,Acquisition,0,
2,60393,Acquisition,1,신규 고객 대상 첫 구매 15% 할인
3,64131,Revenue,1,결제 완료 시 사은품 증정
4,64345,Revenue,0,
4,57566,Activation,1,첫 사용 감사 10% 쿠폰
1,65318,Acquisition,1,첫 구매 무료배송 이벤트
1,53249,Activation,1,24시간 한정 체험 할인
1,65433,Referral,1,친구 추천 시 양쪽 10% 할인
3,66731,Acquisition,1,첫 구매 무료배송 이벤트
1,57574,Acquisition,1,신규 고객 대상 첫 구매 15% 할인
0,60831,Retention,0,
4,57042,Acquisition,1,첫 구매 무료배송 이벤트
4,19948,Referral,1,친구 추천 시 양쪽 10% 할인
4,60465,Activation,1,첫 사용 감사 10% 쿠폰
0,60651,Activation,0,
4,21745,Retention,1,최근 구매 고객 대상 리워드 지급
4,15571,Referral,0,
3,61724,Activation,1,앱 첫 접속 기념 보너스 지급
0,48594,Revenue,0,
4,46079,Referral,1,추천 성공 시 포인트 적립
2,64131,Referral,1,친구 추천 시 양쪽 10% 할인
1,62230,Retention,1,단골 고객 감사 쿠폰
4,57036,Activation,1,24시간 한정 체험 할인
2,62794,Referral,0,
3,47987,Activation,0,
3,57930,Revenue,1,장바구니 상품 즉시 10% 할인
3,57792,Retention,1,최근 구매 고객 대상 리워드 지급
1,57037,Revenue,0,
0,66686,Retention,0,
2,52628,Referral,0,
1,62518,Retention,0,
0,63663,Acquisition,0,
2,61425,Activation,0,
3,57282,Activation,0,
1,57940,Acquisition,0,
0,59499,Revenue,0,
0,60460,Acquisition,1,회원가입 전용 웰컴 쿠폰 지급
4,63919,Referral,1,추천 성공 시 포인트 적립
1,67439,Referral,1,추천 성공 시 포인트 적립
2,56898,Activation,0,
4,64627,Referral,0,
0,60991,Activation,0,
0,66076,Acquisition,0,
0,63833,Acquisition,1,회원가입 전용 웰컴 쿠폰 지급
1,60888,Acquisition,1,신규 고객 대상 첫 구매 15% 할인
2,61923,Activation,1,앱 첫 접속 기념 보너스 지급
0,65668,Acquisition,0,
4,56098,Acquisition,1,첫 구매 무료배송 이벤트
0,67652,Revenue,1,오늘 자정까지 구매 시 추가 할인
1,63077,Acquisition,1,첫 구매 무료배송 이벤트
2,53229,Referral,0,
2,58268,Activation,0,
0,65121,Revenue,0,
3,64846,Retention,0,
3,57570,Activation,0,
1,59609,Referral,1,지인 초대 시 추가 혜택 제공
3,57573,Activation,0,
2,57934,Referral,0,
1,66105,Referral,1,친구 추천 시 양쪽 10% 할인
0,59009,Retention,1,재구매 고객 전용 5천원 할인
0,63288,Activation,0,
4,50701,Retention,1,최근 구매 고객 대상 리워드 지급
4,65121,Retention,0,
0,65985,Activation,0,
1,24772,Acquisition,1,회원가입 전용 웰컴 쿠폰 지급
4,57999,Acquisition,0,
2,61714,Retention,1,단골 고객 감사 쿠폰
1,56086,Revenue,1,장바구니 상품 즉시 10% 할인
0,67396,Retention,1,최근 구매 고객 대상 리워드 지급
4,59777,Retention,1,최근 구매 고객 대상 리워드 지급
3,57587,Retention,0,
3,66675,Acquisition,1,첫 구매 무료배송 이벤트
3,59289,Acquisition,1,신규 고객 대상 첫 구매 15% 할인
0,61494,Acquisition,0,
0,62171,Retention,0,
4,31333,Revenue,1,장바구니 상품 즉시 10% 할인
2,57563,Acquisition,0,
4,50919,Activation,1,앱 첫 접속 기념 보너스 지급
2,61307,Activation,1,첫 사용 감사 10% 쿠폰
3,65121,Activation,0,
2,62165,Referral,0,
0,57017,Retention,1,단골 고객 감사 쿠폰
1,50919,Activation,1,24시간 한정 체험 할인
1,59899,Retention,0,
4,66071,Activation,0,
0,60990,Revenue,1,오늘 자정까지 구매 시 추가 할인
0,61422,Retention,1,단골 고객 감사 쿠폰
2,66910,Activation,1,앱 첫 접속 기념 보너스 지급
3,65457,Acquisition,0,
4,60084,Retention,1,최근 구매 고객 대상 리워드 지급
3,61127,Referral,0,
4,57560,Acquisition,0,
1,64700,Acquisition,0,
1,48427,Referral,1,추천 성공 시 포인트 적립
0,60062,Acquisition,1,신규 고객 대상 첫 구매 15% 할인
4,67440,Acquisition,0,
1,64804,Activation,0,
3,61307,Activation,1,앱 첫 접속 기념 보너스 지급
2,61942,Retention,1,단골 고객 감사 쿠폰
2,36790,Retention,0,
2,27436,Retention,1,최근 구매 고객 대상 리워드 지급
2,15571,Activation,1,앱 첫 접속 기념 보너스 지급
0,65865,Retention,1,단골 고객 감사 쿠폰
1,19356,Acquisition,1,회원가입 전용 웰컴 쿠폰 지급
1,66853,Activation,0,
2,63464,Retention,1,재구매 고객 전용 5천원 할인
0,57633,Acquisition,1,회원가입 전용 웰컴 쿠폰 지급
2,66237,Retention,0,
0,60462,Revenue,0,
1,17949,Retention,0,
4,58429,Revenue,1,결제 완료 시 사은품 증정
2,64311,Retention,1,재구매 고객 전용 5천원 할인
4,61422,Referral,0,
4,19789,Retention,1,단골 고객 감사 쿠폰
1,27436,Activation,1,앱 첫 접속 기념 보너스 지급
3,57040,Activation,0,
1,58263,Revenue,1,장바구니 상품 즉시 10% 할인
0,50918,Activation,1,24시간 한정 체험 할인
1,57367,Acquisition,0,
2,67460,Referral,0,
3,19019,Referral,0,
1,21745,Acquisition,1,신규 고객 대상 첫 구매 15% 할인
3,57600,Revenue,0,
0,56901,Acquisition,1,첫 구매 무료배송 이벤트
2,19048,Acquisition,1,첫 구매 무료배송 이벤트
2,60982,Referral,1,친구 추천 시 양쪽 10% 할인
3,60407,Retention,1,최근 구매 고객 대상 리워드 지급
2,67388,Referral,0,
2,63156,Referral,0,
0,61610,Activation,0,
4,57280,Acquisition,1,신규 고객 대상 첫 구매 15% 할인
1,62812,Referral,1,친구 추천 시 양쪽 10% 할인
4,66535,Acquisition,0,
4,48364,Activation,0,
0,62169,Acquisition,0,
2,57042,Referral,0,
4,59555,Acquisition,0,
3,60764,Activation,0,
2,38908,Retention,1,최근 구매 고객 대상 리워드 지급
1,67393,Acquisition,1,첫 구매 무료배송 이벤트
4,19048,Referral,0,
4,38908,Activation,0,
3,66426,Referral,1,친구 추천 시 양쪽 10% 할인
1,60005,Referral,0,
4,27442,Acquisition,1,첫 구매 무료배송 이벤트
1,61932,Referral,0,
2,59974,Acquisition,1,회원가입 전용 웰컴 쿠폰 지급
1,67390,Retention,0,
4,21364,Referral,1,친구 추천 시 양쪽 10% 할인
2,57028,Referral,1,친구 추천 시 양쪽 10% 할인
3,57936,Referral,0,
1,66855,Revenue,1,결제 완료 시 사은품 증정
0,57462,Revenue,1,결제 완료 시 사은품 증정
4,61420,Activation,0,
2,61431,Revenue,1,결제 완료 시 사은품 증정
0,59217,Activation,1,첫 사용 감사 10% 쿠폰
3,65427,Revenue,0,
1,57566,Retention,0,
3,58233,Activation,0,
2,20214,Revenue,0,
4,58396,Retention,1,최근 구매 고객 대상 리워드 지급
0,56087,Revenue,1,장바구니 상품 즉시 10% 할인
4,59011,Acquisition,0,
2,66073,Acquisition,0,
3,54907,Retention,0,
1,61605,Referral,1,지인 초대 시 추가 혜택 제공
3,63920,Referral,0,
0,61493,Acquisition,1,첫 구매 무료배송 이벤트
3,57939,Acquisition,1,신규 고객 대상 첫 구매 15% 할인
0,29798,Referral,0,
0,63688,Activation,0,
4,60039,Referral,1,친구 추천 시 양쪽 10% 할인
2,57937,Revenue,1,오늘 자정까지 구매 시 추가 할인
0,66884,Activation,1,앱 첫 접속 기념 보너스 지급
4,16739,Revenue,1,오늘 자정까지 구매 시 추가 할인
2,47891,Acquisition,1,신규 고객 대상 첫 구매 15% 할인
2,62845,Activation,1,24시간 한정 체험 할인
3,66083,Revenue,0,
4,66992,Revenue,0,
3,57039,Activation,1,24시간 한정 체험 할인
3,57036,Retention,0,
0,57572,Referral,0,
2,47895,Revenue,1,장바구니 상품 즉시 10% 할인
4,61967,Referral,0,
3,62163,Referral,0,
4,66361,Acquisition,0,
0,64436,Referral,0,
0,57024,Revenue,1,장바구니 상품 즉시 10% 할인
4,50915,Acquisition,1,회원가입 전용 웰컴 쿠폰 지급
3,62394,Activation,1,앱 첫 접속 기념 보너스 지급
3,52299,Revenue,1,장바구니 상품 즉시 10% 할인
2,62769,Acquisition,0,
4,64488,Acquisition,0,
0,62183,Referral,1,지인 초대 시 추가 혜택 제공
0,59008,Activation,1,24시간 한정 체험 할인
3,60774,Revenue,0,
1,63919,Revenue,1,오늘 자정까지 구매 시 추가 할인
4,66713,Referral,0,
1,65427,Activation,0,
0,67125,Revenue,0,
2,62024,Activation,1,첫 사용 감사 10% 쿠폰
4,14816,Revenue,0,
2,27541,Referral,0,
3,60991,Retention,0,
1,59555,Revenue,0,
1,61944,Acquisition,0,
0,57583,Acquisition,0,
1,63996,Retention,1,단골 고객 감사 쿠폰
1,48364,Revenue,0,
0,64490,Acquisition,0,
2,57600,Acquisition,0,
2,66268,Revenue,1,오늘 자정까지 구매 시 추가 할인
4,62995,Activation,1,앱 첫 접속 기념 보너스 지급
3,59902,Revenue,0,
2,57036,Activation,0,
0,53894,Retention,0,
4,66135,Referral,0,
2,60942,Retention,1,단골 고객 감사 쿠폰
4,57936,Referral,0,
0,64675,Acquisition,1,회원가입 전용 웰컴 쿠폰 지급
2,60863,Acquisition,1,회원가입 전용 웰컴 쿠폰 지급
4,20006,Acquisition,0,
0,61256,Activation,1,24시간 한정 체험 할인
2,48427,Referral,0,
0,36430,Acquisition,0,
4,15999,Revenue,1,오늘 자정까지 구매 시 추가 할인
0,60646,Referral,1,지인 초대 시 추가 혜택 제공
3,21472,Referral,1,친구 추천 시 양쪽 10% 할인
0,19625,Activation,0,
3,48427,Retention,0,
3,53252,Activation,1,앱 첫 접속 기념 보너스 지급
4,63689,Acquisition,1,신규 고객 대상 첫 구매 15% 할인
4,59609,Revenue,0,
3,61586,Revenue,1,결제 완료 시 사은품 증정
3,60945,Acquisition,1,첫 구매 무료배송 이벤트
1,61943,Revenue,1,결제 완료 시 사은품 증정
3,59266,Activation,1,24시간 한정 체험 할인
1,61966,Activation,1,앱 첫 접속 기념 보너스 지급
3,57565,Acquisition,0,
4,59621,Revenue,1,결제 완료 시 사은품 증정
4,64182,Referral,1,친구 추천 시 양쪽 10% 할인
4,50911,Retention,0,
1,62620,Referral,1,지인 초대 시 추가 혜택 제공
0,45511,Activation,0,
3,61714,Activation,0,
2,64656,Activation,1,24시간 한정 체험 할인
2,62166,Activation,0,
3,51990,Retention,1,단골 고객 감사 쿠폰
3,59994,Acquisition,0,
2,64489,Activation,1,앱 첫 접속 기념 보너스 지급
4,48594,Revenue,1,장바구니 상품 즉시 10% 할인
2,57777,Retention,0,
4,66426,Activation,1,첫 사용 감사 10% 쿠폰
4,60407,Revenue,0,
2,61461,Activation,1,앱 첫 접속 기념 보너스 지급
3,67328,Acquisition,0,
0,67623,Retention,1,단골 고객 감사 쿠폰
0,64216,Acquisition,0,
0,64330,Retention,1,최근 구매 고객 대상 리워드 지급
0,31511,Activation,1,24시간 한정 체험 할인
0,62174,Activation,0,
4,61425,Retention,0,
2,66014,Revenue,0,
2,20006,Revenue,1,오늘 자정까지 구매 시 추가 할인
4,50716,Activation,1,첫 사용 감사 10% 쿠폰
0,59263,Activation,0,
3,66075,Acquisition,0,
1,17777,Activation,0,
4,55481,Retention,0,
1,64123,Revenue,1,오늘 자정까지 구매 시 추가 할인
2,57874,Revenue,0,
2,66361,Acquisition,1,회원가입 전용 웰컴 쿠폰 지급
0,62272,Revenue,1,결제 완료 시 사은품 증정
1,67460,Revenue,0,
4,62171,Referral,0,
1,64009,Retention,0,
3,36430,Referral,0,
0,36790,Revenue,1,장바구니 상품 즉시 10% 할인
4,61477,Acquisition,0,
0,19948,Acquisition,0,
2,61933,Revenue,1,오늘 자정까지 구매 시 추가 할인
0,60231,Activation,0,
4,58001,Referral,1,친구 추천 시 양쪽 10% 할인
0,62167,Revenue,1,결제 완료 시 사은품 증정
1,64490,Acquisition,1,신규 고객 대상 첫 구매 15% 할인
3,64174,Acquisition,1,신규 고객 대상 첫 구매 15% 할인
0,59010,Referral,1,지인 초대 시 추가 혜택 제공
0,66849,Retention,1,단골 고객 감사 쿠폰
3,60913,Revenue,1,결제 완료 시 사은품 증정
0,57367,Revenue,1,오늘 자정까지 구매 시 추가 할인
4,61126,Retention,1,최근 구매 고객 대상 리워드 지급
0,44699,Referral,1,친구 추천 시 양쪽 10% 할인
0,63101,Referral,0,
1,56947,Acquisition,1,회원가입 전용 웰컴 쿠폰 지급
1,61424,Retention,1,최근 구매 고객 대상 리워드 지급
1,57272,Referral,0,
1,58749,Activation,1,앱 첫 접속 기념 보너스 지급
4,63077,Revenue,1,결제 완료 시 사은품 증정
3,60162,Acquisition,1,회원가입 전용 웰컴 쿠폰 지급
1,64386,Retention,0,
4,51319,Acquisition,0,
3,65432,Referral,0,
4,65449,Referral,0,
0,56785,Activation,1,24시간 한정 체험 할인
1,60604,Revenue,1,결제 완료 시 사은품 증정
0,65684,Retention,1,최근 구매 고객 대상 리워드 지급
2,60925,Acquisition,0,
3,63912,Revenue,0,
4,63917,Referral,1,친구 추천 시 양쪽 10% 할인
3,62302,Revenue,0,
3,50165,Acquisition,1,신규 고객 대상 첫 구매 15% 할인
1,59197,Revenue,0,
2,65121,Referral,1,친구 추천 시 양쪽 10% 할인
0,60892,Revenue,1,장바구니 상품 즉시 10% 할인
1,64702,Retention,1,최근 구매 고객 대상 리워드 지급
2,57041,Revenue,1,결제 완료 시 사은품 증정
3,63995,Retention,1,단골 고객 감사 쿠폰
4,65430,Revenue,1,결제 완료 시 사은품 증정
0,60648,Referral,0,
2,59011,Activation,1,앱 첫 접속 기념 보너스 지급
0,21364,Activation,0,
1,66847,Retention,0,
0,67658,Retention,1,재구매 고객 전용 5천원 할인
0,59744,Activation,0,
0,56900,Referral,0,
0,63996,Referral,0,
0,62168,Revenue,0,
1,19046,Retention,0,
2,66016,Referral,0,
4,63601,Acquisition,1,회원가입 전용 웰컴 쿠폰 지급
0,60941,Revenue,0,
4,47255,Revenue,0,
3,64133,Activation,0,
0,63655,Retention,0,
1,52628,Referral,0,
1,63835,Referral,0,
2,66605,Revenue,1,장바구니 상품 즉시 10% 할인
2,58396,Retention,1,최근 구매 고객 대상 리워드 지급
1,17937,Retention,0,
0,56822,Retention,1,최근 구매 고객 대상 리워드 지급
4,59902,Activation,1,앱 첫 접속 기념 보너스 지급
2,32260,Referral,0,
3,59264,Retention,0,
1,61948,Activation,1,첫 사용 감사 10% 쿠폰
0,61126,Acquisition,0,
0,67509,Revenue,0,
1,64489,Referral,1,친구 추천 시 양쪽 10% 할인
3,60463,Referral,1,추천 성공 시 포인트 적립
1,65457,Revenue,0,
3,65559,Acquisition,1,첫 구매 무료배송 이벤트
2,59264,Activation,0,
3,57560,Revenue,0,
0,57586,Activation,0,
0,52630,Activation,0,
3,59901,Activation,0,
4,19045,Acquisition,0,
4,64297,Acquisition,1,첫 구매 무료배송 이벤트
4,58928,Activation,1,24시간 한정 체험 할인
2,57574,Retention,1,재구매 고객 전용 5천원 할인
1,63154,Referral,1,친구 추천 시 양쪽 10% 할인
3,27540,Acquisition,0,
4,61127,Retention,1,재구매 고객 전용 5천원 할인
1,63997,Retention,1,최근 구매 고객 대상 리워드 지급
2,60651,Referral,1,추천 성공 시 포인트 적립
3,61567,Activation,0,
4,62617,Retention,0,
4,61596,Retention,1,재구매 고객 전용 5천원 할인
0,59621,Retention,0,
0,64746,Activation,0,
0,57013,Activation,0,
0,61934,Acquisition,1,신규 고객 대상 첫 구매 15% 할인
1,64637,Acquisition,1,신규 고객 대상 첫 구매 15% 할인
1,59219,Retention,1,최근 구매 고객 대상 리워드 지급
2,60648,Activation,1,앱 첫 접속 기념 보너스 지급
2,57940,Activation,0,
4,67603,Referral,0,
4,59499,Retention,0,
0,64702,Acquisition,0,
4,63076,Referral,1,친구 추천 시 양쪽 10% 할인
3,57229,Activation,1,앱 첫 접속 기념 보너스 지급
1,61238,Acquisition,1,회원가입 전용 웰컴 쿠폰 지급
1,65589,Retention,0,
3,67444,Activation,0,
2,48364,Retention,0,
1,61926,Referral,0,
3,36790,Referral,1,지인 초대 시 추가 혜택 제공
0,63912,Referral,1,지인 초대 시 추가 혜택 제공
2,67451,Revenue,0,
4,62898,Retention,0,
3,63154,Referral,1,친구 추천 시 양쪽 10% 할인
0,60801,Referral,0,
3,47895,Retention,0,
4,57013,Referral,1,추천 성공 시 포인트 적립
3,65604,Retention,0,
2,50915,Activation,0,
3,61477,Retention,0,
1,14816,Retention,1,최근 구매 고객 대상 리워드 지급
3,47176,Revenue,0,
0,56154,Activation,1,24시간 한정 체험 할인
0,61238,Revenue,0,
1,64627,Referral,0,
4,52299,Retention,1,단골 고객 감사 쿠폰
2,60801,Activation,1,24시간 한정 체험 할인
3,60201,Revenue,1,장바구니 상품 즉시 10% 할인
3,59709,Retention,0,
1,57013,Acquisition,0,
4,66137,Revenue,1,결제 완료 시 사은품 증정
0,64703,Activation,0,
0,66857,Revenue,0,
3,63601,Revenue,1,결제 완료 시 사은품 증정
4,48264,Revenue,0,
2,63641,Referral,0,
2,47899,Acquisition,1,회원가입 전용 웰컴 쿠폰 지급
2,57280,Activation,1,첫 사용 감사 10% 쿠폰
3,57617,Activation,1,첫 사용 감사 10% 쿠폰
3,48264,Activation,0,
2,66337,Retention,1,재구매 고객 전용 5천원 할인
4,19465,Activation,1,앱 첫 접속 기념 보너스 지급
3,62897,Activation,1,앱 첫 접속 기념 보너스 지급
4,57633,Acquisition,0,
2,60232,Retention,1,재구매 고객 전용 5천원 할인
2,48264,Retention,1,재구매 고객 전용 5천원 할인
2,60646,Revenue,1,오늘 자정까지 구매 시 추가 할인
4,64181,Referral,0,
1,61425,Retention,1,최근 구매 고객 대상 리워드 지급
1,62898,Retention,0,
2,64703,Acquisition,1,신규 고객 대상 첫 구매 15% 할인
2,24772,Activation,0,
4,57565,Retention,0,
4,65457,Retention,0,
4,60764,Referral,1,친구 추천 시 양쪽 10% 할인
1,66426,Acquisition,0,
0,64254,Referral,1,추천 성공 시 포인트 적립
3,20214,Retention,0,
4,65432,Retention,1,단골 고객 감사 쿠폰
2,48589,Acquisition,1,회원가입 전용 웰컴 쿠폰 지급
2,57587,Revenue,1,오늘 자정까지 구매 시 추가 할인
3,62821,Revenue,0,
1,61928,Retention,0,
2,56822,Retention,0,
2,64885,Referral,1,지인 초대 시 추가 혜택 제공
4,45693,Referral,1,지인 초대 시 추가 혜택 제공
3,64965,Referral,1,추천 성공 시 포인트 적립
1,63101,Activation,1,앱 첫 접속 기념 보너스 지급
4,63641,Retention,0,
1,64436,Activation,0,
3,57013,Revenue,0,
2,36430,Retention,0,
0,64140,Retention,1,최근 구매 고객 대상 리워드 지급
2,62809,Acquisition,1,신규 고객 대상 첫 구매 15% 할인
4,67393,Retention,1,최근 구매 고객 대상 리워드 지급
3,67393,Revenue,0,
0,57573,Retention,0,
0,61586,Activation,0,
4,57026,Retention,1,최근 구매 고객 대상 리워드 지급
4,63620,Activation,0,
3,66947,Referral,1,추천 성공 시 포인트 적립
0,48364,Referral,1,추천 성공 시 포인트 적립
1,57583,Acquisition,0,
1,57587,Retention,1,단골 고객 감사 쿠폰
2,57939,Referral,1,친구 추천 시 양쪽 10% 할인
3,59116,Referral,1,친구 추천 시 양쪽 10% 할인
1,62845,Acquisition,0,
1,62261,Acquisition,0,
3,67603,Retention,0,
0,63221,Activation,1,첫 사용 감사 10% 쿠폰
0,66735,Retention,0,
0,61715,Activation,0,
2,57936,Acquisition,1,신규 고객 대상 첫 구매 15% 할인
1,64846,Revenue,1,장바구니 상품 즉시 10% 할인
2,60389,Retention,1,최근 구매 고객 대상 리워드 지급
4,59744,Revenue,1,결제 완료 시 사은품 증정
0,63908,Activation,0,
1,63620,Retention,0,
2,19757,Revenue,0,
1,61105,Revenue,1,결제 완료 시 사은품 증정
3,63620,Retention,1,단골 고객 감사 쿠폰
1,67261,Revenue,1,오늘 자정까지 구매 시 추가 할인
1,53894,Retention,1,단골 고객 감사 쿠폰
1,60393,Revenue,1,장바구니 상품 즉시 10% 할인
1,64751,Acquisition,0,
3,59621,Retention,1,최근 구매 고객 대상 리워드 지급
2,60039,Acquisition,1,첫 구매 무료배송 이벤트
4,58670,Referral,0,
3,64490,Acquisition,1,회원가입 전용 웰컴 쿠폰 지급
2,65318,Revenue,0,
0,62165,Activation,1,첫 사용 감사 10% 쿠폰
0,47896,Acquisition,0,
3,61942,Acquisition,0,
3,57564,Acquisition,1,회원가입 전용 웰컴 쿠폰 지급
2,61715,Activation,0,
1,62769,Activation,1,첫 사용 감사 10% 쿠폰
4,67493,Acquisition,1,회원가입 전용 웰컴 쿠폰 지급
4,50914,Referral,1,추천 성공 시 포인트 적립
1,51319,Activation,1,첫 사용 감사 10% 쿠폰
1,59284,Activation,1,앱 첫 접속 기념 보너스 지급
3,57462,Activation,1,24시간 한정 체험 할인
1,55529,Retention,1,재구매 고객 전용 5천원 할인
0,64345,Acquisition,0,
2,61429,Referral,1,지인 초대 시 추가 혜택 제공
0,47899,Activation,1,앱 첫 접속 기념 보너스 지급
0,60407,Retention,0,
0,62794,Revenue,1,장바구니 상품 즉시 10% 할인
0,65449,Revenue,1,오늘 자정까지 구매 시 추가 할인
3,59777,Activation,0,
3,19565,Referral,1,친구 추천 시 양쪽 10% 할인
2,57571,Referral,1,지인 초대 시 추가 혜택 제공
3,61235,Acquisition,1,신규 고객 대상 첫 구매 15% 할인
2,66912,Activation,1,첫 사용 감사 10% 쿠폰
2,46079,Revenue,0,
0,63620,Acquisition,1,첫 구매 무료배송 이벤트
3,57038,Referral,1,지인 초대 시 추가 혜택 제공
3,66113,Acquisition,1,신규 고객 대상 첫 구매 15% 할인
4,63920,Revenue,1,결제 완료 시 사은품 증정
0,62214,Referral,1,친구 추천 시 양쪽 10% 할인
2,65460,Retention,0,
1,57777,Retention,0,
2,64695,Activation,0,
1,20006,Acquisition,0,
2,56086,Referral,1,친구 추천 시 양쪽 10% 할인
1,61967,Activation,0,
4,64436,Acquisition,1,첫 구매 무료배송 이벤트
4,57940,Revenue,1,결제 완료 시 사은품 증정
1,62715,Referral,0,
2,60844,Acquisition,1,신규 고객 대상 첫 구매 15% 할인
2,57024,Referral,1,지인 초대 시 추가 혜택 제공
0,61424,Acquisition,0,
3,51567,Revenue,1,결제 완료 시 사은품 증정
1,59198,Referral,0,
1,59263,Retention,1,단골 고객 감사 쿠폰
2,50716,Revenue,0,
1,61958,Acquisition,1,첫 구매 무료배송 이벤트
3,60982,Referral,1,친구 추천 시 양쪽 10% 할인
4,66675,Revenue,0,
0,57587,Acquisition,1,신규 고객 대상 첫 구매 15% 할인
0,63920,Retention,1,최근 구매 고객 대상 리워드 지급
2,64632,Retention,1,단골 고객 감사 쿠폰
2,57040,Acquisition,1,첫 구매 무료배송 이벤트
2,64007,Retention,0,
0,50919,Revenue,1,결제 완료 시 사은품 증정
0,19565,Retention,0,
3,64638,Activation,0,
2,67160,Retention,0,
2,62171,Activation,1,첫 사용 감사 10% 쿠폰
4,56084,Referral,0,
0,66731,Revenue,0,
3,59555,Referral,1,지인 초대 시 추가 혜택 제공
3,67452,Referral,1,친구 추천 시 양쪽 10% 할인
2,58263,Retention,1,단골 고객 감사 쿠폰
3,50912,Retention,0,
0,60522,Retention,0,
1,61586,Referral,0,
4,63221,Revenue,1,오늘 자정까지 구매 시 추가 할인
0,64701,Revenue,0,
1,64558,Activation,0,
3,53894,Acquisition,1,신규 고객 대상 첫 구매 15% 할인
1,58268,Revenue,1,결제 완료 시 사은품 증정
0,58233,Retention,1,최근 구매 고객 대상 리워드 지급
1,67403,Activation,1,첫 사용 감사 10% 쿠폰
4,63997,Retention,0,
0,62227,Referral,1,친구 추천 시 양쪽 10% 할인
3,66908,Referral,0,
1,59008,Retention,1,단골 고객 감사 쿠폰
4,61610,Revenue,0,
1,61952,Acquisition,1,첫 구매 무료배송 이벤트
1,63920,Retention,1,최근 구매 고객 대상 리워드 지급
4,66914,Revenue,0,
1,66076,Activation,0,
1,66269,Retention,0,
3,56429,Activation,1,24시간 한정 체험 할인
3,60795,Revenue,1,오늘 자정까지 구매 시 추가 할인
0,60604,Revenue,1,오늘 자정까지 구매 시 추가 할인
2,67126,Revenue,1,결제 완료 시 사은품 증정
4,57667,Revenue,0,
2,61932,Referral,1,친구 추천 시 양쪽 10% 할인
4,50917,Revenue,1,결제 완료 시 사은품 증정
0,58563,Referral,1,친구 추천 시 양쪽 10% 할인
1,61132,Acquisition,0,
1,18518,Referral,1,지인 초대 시 추가 혜택 제공
2,59422,Activation,1,앱 첫 접속 기념 보너스 지급
4,29767,Acquisition,1,신규 고객 대상 첫 구매 15% 할인
0,21456,Activation,0,
4,63715,Retention,1,최근 구매 고객 대상 리워드 지급
4,64675,Retention,0,
3,57042,Referral,0,
3,66842,Activation,0,
1,67658,Retention,1,재구매 고객 전용 5천원 할인
3,18694,Retention,0,
0,59994,Retention,0,
2,61694,Acquisition,0,
1,63221,Acquisition,0,
3,20447,Revenue,0,
3,63689,Activation,1,첫 사용 감사 10% 쿠폰
4,67621,Retention,1,재구매 고객 전용 5천원 할인
0,64885,Activation,1,24시간 한정 체험 할인
4,57561,Revenue,0,
1,65432,Referral,1,지인 초대 시 추가 혜택 제공
1,67623,Revenue,0,
2,50911,Retention,0,
4,62809,Referral,1,지인 초대 시 추가 혜택 제공
3,66981,Referral,1,지인 초대 시 추가 혜택 제공
2,62168,Revenue,0,
1,63641,Retention,0,
4,64394,Referral,1,친구 추천 시 양쪽 10% 할인
3,67126,Revenue,1,결제 완료 시 사은품 증정
0,60647,Revenue,1,결제 완료 시 사은품 증정
1,47852,Retention,0,
4,61153,Revenue,0,
3,56949,Revenue,0,
4,64484,Revenue,1,오늘 자정까지 구매 시 추가 할인
3,46025,Activation,0,
3,62114,Acquisition,0,
2,57037,Activation,0,
0,66081,Revenue,1,오늘 자정까지 구매 시 추가 할인
3,56822,Acquisition,1,신규 고객 대상 첫 구매 15% 할인
3,57781,Referral,0,
3,64675,Activation,1,24시간 한정 체험 할인
0,65427,Activation,0,
3,57028,Activation,1,첫 사용 감사 10% 쿠폰
2,62227,Retention,1,재구매 고객 전용 5천원 할인
3,59288,Revenue,1,장바구니 상품 즉시 10% 할인
2,66681,Referral,1,추천 성공 시 포인트 적립
3,67648,Referral,1,추천 성공 시 포인트 적립
0,63993,Referral,0,
4,64965,Revenue,1,장바구니 상품 즉시 10% 할인
2,57781,Acquisition,1,신규 고객 대상 첫 구매 15% 할인
1,56900,Activation,1,앱 첫 접속 기념 보너스 지급
4,62302,Revenue,0,
2,46016,Activation,1,24시간 한정 체험 할인
3,58263,Revenue,0,
0,62845,Activation,0,
2,57227,Revenue,1,결제 완료 시 사은품 증정
1,66731,Acquisition,0,
2,17937,Referral,0,
1,57014,Activation,1,첫 사용 감사 10% 쿠폰
2,60085,Revenue,0,
3,65869,Acquisition,0,
4,66683,Acquisition,1,회원가입 전용 웰컴 쿠폰 지급
2,58347,Referral,0,
2,59994,Revenue,1,오늘 자정까지 구매 시 추가 할인
0,62810,Activation,1,첫 사용 감사 10% 쿠폰
4,57040,Retention,0,
3,59222,Acquisition,1,신규 고객 대상 첫 구매 15% 할인
2,64488,Acquisition,1,신규 고객 대상 첫 구매 15% 할인
3,53255,Referral,0,
0,62024,Revenue,1,결제 완료 시 사은품 증정
2,67440,Retention,0,
3,64330,Retention,0,
3,65318,Retention,1,단골 고객 감사 쿠폰
4,47987,Revenue,1,장바구니 상품 즉시 10% 할인
1,58930,Activation,0,
2,67372,Acquisition,0,
2,18312,Revenue,1,결제 완료 시 사은품 증정
4,62488,Retention,1,최근 구매 고객 대상 리워드 지급
3,60465,Acquisition,0,
4,64817,Acquisition,1,첫 구매 무료배송 이벤트
0,62163,Retention,0,
3,66946,Retention,1,단골 고객 감사 쿠폰
2,61492,Acquisition,0,
1,67388,Referral,0,
3,59620,Acquisition,1,첫 구매 무료배송 이벤트
1,60764,Activation,1,첫 사용 감사 10% 쿠폰
1,63993,Activation,1,앱 첫 접속 기념 보너스 지급
4,66235,Referral,1,지인 초대 시 추가 혜택 제공
2,60499,Revenue,1,결제 완료 시 사은품 증정
4,17777,Acquisition,1,신규 고객 대상 첫 구매 15% 할인
2,66914,Activation,1,첫 사용 감사 10% 쿠폰
0,58928,Acquisition,0,
0,63154,Referral,0,
2,61929,Retention,0,
2,56292,Referral,0,
4,61567,Referral,1,지인 초대 시 추가 혜택 제공
0,63641,Referral,0,
4,66989,Activation,1,첫 사용 감사 10% 쿠폰
2,59009,Referral,0,
1,65460,Retention,1,단골 고객 감사 쿠폰
0,64395,Retention,0,
4,60765,Retention,1,최근 구매 고객 대상 리워드 지급
4,48589,Revenue,1,결제 완료 시 사은품 증정
1,61422,Referral,0,
0,19045,Retention,0,
0,59899,Revenue,1,장바구니 상품 즉시 10% 할인
2,32261,Referral,1,지인 초대 시 추가 혜택 제공
0,66124,Referral,0,
4,62518,Acquisition,1,회원가입 전용 웰컴 쿠폰 지급
4,45511,Referral,0,
3,53260,Acquisition,1,회원가입 전용 웰컴 쿠폰 지급
2,57466,Activation,0,
4,61919,Activation,0,
4,59008,Revenue,1,장바구니 상품 즉시 10% 할인
2,33239,Acquisition,0,
3,62898,Activation,1,앱 첫 접속 기념 보너스 지급
4,47852,Activation,1,첫 사용 감사 10% 쿠폰
0,57019,Activation,1,첫 사용 감사 10% 쿠폰
0,50192,Referral,0,
0,58263,Acquisition,1,회원가입 전용 웰컴 쿠폰 지급
0,61132,Activation,0,
3,63640,Acquisition,0,
1,64311,Retention,0,
3,58930,Retention,1,단골 고객 감사 쿠폰
2,57569,Referral,1,추천 성공 시 포인트 적립
4,60231,Retention,0,
2,58262,Revenue,0,
4,66849,Acquisition,0,
2,57567,Activation,0,
1,61923,Revenue,0,
2,61206,Revenue,1,결제 완료 시 사은품 증정
3,57574,Retention,1,재구매 고객 전용 5천원 할인
0,61431,Acquisition,0,
4,64660,Activation,1,앱 첫 접속 기념 보너스 지급
0,65864,Revenue,1,장바구니 상품 즉시 10% 할인
3,64006,Referral,1,추천 성공 시 포인트 적립
1,16739,Activation,1,24시간 한정 체험 할인
3,61926,Retention,0,
2,63919,Acquisition,0,
4,60942,Referral,1,친구 추천 시 양쪽 10% 할인
0,57999,Activation,0,
0,61925,Activation,1,24시간 한정 체험 할인
4,65992,Revenue,0,
2,63154,Activation,0,
1,50911,Acquisition,0,
4,62620,Acquisition,0,
2,66947,Activation,1,앱 첫 접속 기념 보너스 지급
0,67648,Revenue,0,
4,60162,Referral,1,지인 초대 시 추가 혜택 제공
0,51660,Referral,1,추천 성공 시 포인트 적립
0,24032,Revenue,0,
0,24772,Retention,1,재구매 고객 전용 5천원 할인
3,47893,Acquisition,1,신규 고객 대상 첫 구매 15% 할인
1,21364,Retention,1,재구매 고객 전용 5천원 할인
3,57563,Revenue,1,장바구니 상품 즉시 10% 할인
3,60942,Retention,0,
4,17686,Revenue,0,
2,57017,Referral,1,추천 성공 시 포인트 적립
2,56301,Referral,1,지인 초대 시 추가 혜택 제공
2,63663,Retention,1,최근 구매 고객 대상 리워드 지급
4,59973,Retention,1,재구매 고객 전용 5천원 할인
2,53145,Acquisition,1,첫 구매 무료배송 이벤트
3,57940,Referral,1,친구 추천 시 양쪽 10% 할인
4,24277,Acquisition,0,
1,60083,Retention,0,
1,56429,Revenue,1,오늘 자정까지 구매 시 추가 할인
2,62617,Referral,1,추천 성공 시 포인트 적립
2,61937,Revenue,0,
3,61207,Acquisition,1,첫 구매 무료배송 이벤트
1,65121,Acquisition,0,
4,57039,Activation,1,24시간 한정 체험 할인
4,53255,Referral,0,
1,59218,Referral,1,추천 성공 시 포인트 적립
0,63077,Acquisition,1,첫 구매 무료배송 이벤트
0,58268,Revenue,1,오늘 자정까지 구매 시 추가 할인
2,59777,Referral,1,추천 성공 시 포인트 적립
2,64006,Acquisition,1,신규 고객 대상 첫 구매 15% 할인
2,62583,Activation,0,
4,61268,Retention,1,최근 구매 고객 대상 리워드 지급
0,60764,Referral,1,친구 추천 시 양쪽 10% 할인
3,60382,Retention,0,
1,61415,Revenue,0,
0,64317,Activation,0,
4,60892,Referral,1,지인 초대 시 추가 혜택 제공
0,60765,Retention,0,
3,67180,Retention,0,
0,46079,Acquisition,0,
2,54907,Retention,1,단골 고객 감사 쿠폰
3,62995,Revenue,1,장바구니 상품 즉시 10% 할인
0,60900,Retention,0,
2,59083,Revenue,1,장바구니 상품 즉시 10% 할인
4,64330,Revenue,0,
0,62488,Acquisition,0,
0,56947,Activation,1,24시간 한정 체험 할인
3,66911,Revenue,0,
4,65993,Retention,1,재구매 고객 전용 5천원 할인
3,51319,Retention,0,
0,47513,Revenue,1,결제 완료 시 사은품 증정
3,61126,Retention,1,최근 구매 고객 대상 리워드 지급
4,56400,Referral,0,
1,67622,Acquisition,1,신규 고객 대상 첫 구매 15% 할인
1,56901,Retention,0,
3,62617,Acquisition,0,
1,57564,Revenue,1,장바구니 상품 즉시 10% 할인
4,59290,Revenue,1,결제 완료 시 사은품 증정
2,62164,Revenue,0,
4,66460,Acquisition,1,첫 구매 무료배송 이벤트
0,64207,Retention,0,
2,57568,Referral,0,
0,57273,Acquisition,0,
1,47894,Referral,0,
2,59217,Retention,1,재구매 고객 전용 5천원 할인
2,62518,Retention,0,
0,66073,Acquisition,0,
4,63914,Activation,0,
2,60231,Referral,1,지인 초대 시 추가 혜택 제공
4,58395,Revenue,0,
2,52644,Referral,0,
3,62165,Retention,1,재구매 고객 전용 5천원 할인
4,66016,Retention,0,
1,59709,Acquisition,1,신규 고객 대상 첫 구매 15% 할인
3,66460,Activation,0,
2,66731,Revenue,1,장바구니 상품 즉시 10% 할인
0,61125,Referral,0,
1,62272,Activation,0,
4,63288,Revenue,1,오늘 자정까지 구매 시 추가 할인
2,62302,Retention,0,
0,57011,Retention,0,
2,58782,Acquisition,0,
3,17949,Acquisition,1,신규 고객 대상 첫 구매 15% 할인
3,57566,Referral,1,지인 초대 시 추가 혜택 제공
3,67493,Activation,1,첫 사용 감사 10% 쿠폰
2,65684,Activation,0,
2,64133,Revenue,1,결제 완료 시 사은품 증정
2,64965,Referral,0,
2,67403,Acquisition,0,
2,64660,Referral,0,
3,65460,Retention,0,
3,57022,Acquisition,0,
4,65951,Activation,1,앱 첫 접속 기념 보너스 지급
2,19465,Acquisition,1,첫 구매 무료배송 이벤트
2,61605,Retention,0,
2,61962,Acquisition,0,
2,66676,Activation,1,24시간 한정 체험 할인
0,56898,Retention,1,최근 구매 고객 대상 리워드 지급
2,58265,Revenue,0,
4,19625,Referral,0,
1,19757,Revenue,0,
1,49308,Retention,0,
3,56088,Retention,0,
0,46025,Retention,1,최근 구매 고객 대상 리워드 지급
2,63221,Activation,1,앱 첫 접속 기념 보너스 지급
2,44699,Retention,1,단골 고객 감사 쿠폰
1,62809,Referral,1,친구 추천 시 양쪽 10% 할인
2,61495,Activation,0,
2,60887,Retention,0,
0,67773,Activation,1,24시간 한정 체험 할인
0,63921,Referral,0,
1,60462,Referral,0,
4,59217,Activation,1,첫 사용 감사 10% 쿠폰
3,59265,Acquisition,0,
0,62170,Revenue,1,결제 완료 시 사은품 증정
4,60086,Retention,0,
4,61132,Revenue,0,
2,60461,Referral,1,추천 성공 시 포인트 적립
3,67125,Revenue,1,오늘 자정까지 구매 시 추가 할인
2,58233,Acquisition,0,
0,53320,Revenue,0,
1,58670,Revenue,1,장바구니 상품 즉시 10% 할인
2,61586,Referral,1,친구 추천 시 양쪽 10% 할인
3,27436,Referral,0,
4,56088,Retention,0,
1,22205,Activation,1,첫 사용 감사 10% 쿠폰
0,63913,Retention,0,
2,57011,Referral,0,
4,57462,Retention,1,최근 구매 고객 대상 리워드 지급
0,47987,Revenue,1,장바구니 상품 즉시 10% 할인
3,46079,Revenue,0,
2,57027,Referral,1,지인 초대 시 추가 혜택 제공
0,19789,Referral,1,친구 추천 시 양쪽 10% 할인
3,60085,Retention,1,최근 구매 고객 대상 리워드 지급
0,57229,Retention,0,
2,57204,Revenue,1,결제 완료 시 사은품 증정
2,65449,Activation,0,
0,20447,Activation,0,
4,61943,Referral,0,
4,62165,Retention,0,
4,57037,Activation,1,앱 첫 접속 기념 보너스 지급
4,62769,Retention,0,
2,51568,Acquisition,0,
3,53655,Revenue,0,
2,62114,Retention,1,단골 고객 감사 쿠폰
4,62024,Retention,1,재구매 고객 전용 5천원 할인
4,65950,Retention,1,최근 구매 고객 대상 리워드 지급
1,57204,Activation,1,앱 첫 접속 기념 보너스 지급
1,67452,Retention,1,단골 고객 감사 쿠폰
1,57565,Acquisition,0,
4,63835,Activation,0,
4,59899,Referral,1,추천 성공 시 포인트 적립
1,64182,Referral,0,
3,60522,Revenue,1,결제 완료 시 사은품 증정
0,66734,Acquisition,0,
4,64386,Retention,0,
1,59994,Acquisition,0,
4,66685,Referral,1,지인 초대 시 추가 혜택 제공
1,66989,Retention,1,재구매 고객 전용 5천원 할인
3,18417,Acquisition,0,
4,57572,Activation,1,24시간 한정 체험 할인
4,39995,Retention,1,단골 고객 감사 쿠폰
3,65935,Activation,0,
1,59265,Acquisition,0,
0,63997,Retention,0,
1,61954,Revenue,0,
1,56400,Revenue,1,오늘 자정까지 구매 시 추가 할인
4,64183,Referral,0,
3,59974,Retention,1,재구매 고객 전용 5천원 할인
2,64188,Acquisition,0,
4,66972,Revenue,1,장바구니 상품 즉시 10% 할인
3,50192,Referral,0,
1,60459,Retention,0,
0,64318,Revenue,0,
4,66686,Retention,0,
1,57017,Referral,0,
1,64885,Acquisition,0,
4,66459,Referral,1,친구 추천 시 양쪽 10% 할인
0,62812,Acquisition,1,신규 고객 대상 첫 구매 15% 할인
3,61928,Activation,1,앱 첫 접속 기념 보너스 지급
3,64558,Revenue,0,
4,61714,Activation,1,앱 첫 접속 기념 보너스 지급
1,65992,Acquisition,0,
0,64484,Retention,1,최근 구매 고객 대상 리워드 지급
1,67648,Acquisition,0,
2,53252,Acquisition,0,
1,44699,Retention,1,단골 고객 감사 쿠폰
1,64174,Activation,1,24시간 한정 체험 할인
4,62167,Revenue,1,결제 완료 시 사은품 증정
1,67158,Acquisition,0,
1,57273,Acquisition,1,신규 고객 대상 첫 구매 15% 할인
2,63101,Revenue,0,
2,59116,Acquisition,1,신규 고객 대상 첫 구매 15% 할인
2,56085,Revenue,1,오늘 자정까지 구매 시 추가 할인
0,50917,Revenue,1,결제 완료 시 사은품 증정
1,61936,Revenue,0,
1,58928,Retention,1,최근 구매 고객 대상 리워드 지급
0,63916,Activation,0,
0,64660,Activation,1,24시간 한정 체험 할인
4,62972,Referral,0,
4,32260,Retention,1,최근 구매 고객 대상 리워드 지급
1,59290,Referral,0,
1,66081,Activation,0,
1,66713,Activation,0,
3,58265,Activation,0,
1,24196,Acquisition,0,
4,67398,Referral,0,
1,57282,Retention,0,
3,45693,Referral,0,
4,63713,Activation,1,앱 첫 접속 기념 보너스 지급
1,64207,Retention,1,재구매 고객 전용 5천원 할인
0,57777,Referral,1,친구 추천 시 양쪽 10% 할인
4,64489,Activation,0,
0,57036,Activation,0,
2,60492,Retention,0,
3,64465,Revenue,1,오늘 자정까지 구매 시 추가 할인
0,66233,Retention,0,
2,64675,Revenue,1,결제 완료 시 사은품 증정
4,21472,Acquisition,0,
1,50716,Retention,1,재구매 고객 전용 5천원 할인
4,57583,Revenue,1,결제 완료 시 사은품 증정
3,62272,Referral,1,지인 초대 시 추가 혜택 제공
3,61461,Activation,0,
4,57038,Acquisition,1,신규 고객 대상 첫 구매 15% 할인
2,64011,Retention,0,
0,62715,Revenue,0,
4,24196,Referral,0,
4,59219,Revenue,0,
2,63688,Retention,0,
3,61132,Revenue,1,결제 완료 시 사은품 증정
4,53320,Retention,0,
3,67652,Revenue,1,결제 완료 시 사은품 증정
2,20468,Activation,1,첫 사용 감사 10% 쿠폰
1,65950,Retention,1,최근 구매 고객 대상 리워드 지급
0,65869,Retention,1,단골 고객 감사 쿠폰
3,15999,Acquisition,0,
1,63921,Activation,1,첫 사용 감사 10% 쿠폰
3,16739,Retention,0,
4,66971,Referral,1,친구 추천 시 양쪽 10% 할인
2,61420,Revenue,0,
3,57011,Referral,1,지인 초대 시 추가 혜택 제공
4,52631,Revenue,1,결제 완료 시 사은품 증정
2,59010,Revenue,0,
0,61492,Acquisition,1,회원가입 전용 웰컴 쿠폰 지급
4,56901,Retention,1,재구매 고객 전용 5천원 할인
3,51566,Revenue,1,오늘 자정까지 구매 시 추가 할인
2,61926,Acquisition,0,
4,64216,Referral,0,
1,57027,Acquisition,0,
1,61946,Referral,0,
2,60038,Retention,1,단골 고객 감사 쿠폰
4,47415,Revenue,0,
4,67155,Activation,0,
1,59266,Referral,1,추천 성공 시 포인트 적립
0,52583,Revenue,0,
0,59197,Activation,1,앱 첫 접속 기념 보너스 지급
1,55481,Activation,0,
2,62230,Referral,1,지인 초대 시 추가 혜택 제공
0,53249,Revenue,1,결제 완료 시 사은품 증정
4,57017,Activation,0,
3,66735,Acquisition,0,
0,57227,Acquisition,0,
3,59571,Revenue,1,결제 완료 시 사은품 증정
3,63221,Retention,1,재구매 고객 전용 5천원 할인
4,53894,Acquisition,0,
0,66014,Referral,0,
1,60407,Revenue,1,오늘 자정까지 구매 시 추가 할인
2,57272,Activation,0,
3,60648,Acquisition,0,
3,65331,Revenue,0,
4,65865,Revenue,1,장바구니 상품 즉시 10% 할인
2,60390,Retention,1,단골 고객 감사 쿠폰
2,60465,Activation,1,첫 사용 감사 10% 쿠폰
0,61928,Activation,0,
3,66683,Activation,0,
3,59223,Referral,0,
3,59134,Revenue,1,장바구니 상품 즉시 10% 할인
0,56949,Referral,0,
3,56085,Referral,0,
0,60083,Revenue,1,장바구니 상품 즉시 10% 할인
0,62302,Activation,0,
0,66713,Revenue,0,
1,48589,Retention,1,단골 고객 감사 쿠폰
3,58347,Revenue,1,결제 완료 시 사은품 증정
4,20447,Revenue,1,결제 완료 시 사은품 증정
2,57282,Acquisition,1,회원가입 전용 웰컴 쿠폰 지급
1,21456,Retention,1,단골 고객 감사 쿠폰
4,63998,Acquisition,1,신규 고객 대상 첫 구매 15% 할인
3,66730,Activation,1,24시간 한정 체험 할인
3,63919,Activation,1,앱 첫 접속 기념 보너스 지급
1,60913,Retention,0,
3,56292,Referral,0,
4,58268,Revenue,0,
4,60774,Acquisition,0,
4,63621,Retention,0,
3,57041,Acquisition,0,
0,19046,Revenue,0,
1,64816,Referral,0,
0,62620,Acquisition,1,첫 구매 무료배송 이벤트
3,56785,Retention,1,재구매 고객 전용 5천원 할인
1,48426,Revenue,1,결제 완료 시 사은품 증정
3,66734,Revenue,1,결제 완료 시 사은품 증정
2,50919,Referral,0,
3,52583,Retention,1,재구매 고객 전용 5천원 할인
4,62230,Revenue,0,
3,46016,Acquisition,1,첫 구매 무료배송 이벤트
3,57571,Activation,1,24시간 한정 체험 할인
4,57019,Retention,1,단골 고객 감사 쿠폰
4,57600,Acquisition,1,첫 구매 무료배송 이벤트
4,63913,Referral,0,
4,62172,Referral,0,
4,59974,Revenue,0,
2,57013,Referral,1,친구 추천 시 양쪽 10% 할인
0,60465,Activation,0,
0,64558,Acquisition,0,
1,67799,Retention,1,최근 구매 고객 대상 리워드 지급
1,54845,Revenue,0,
2,58395,Retention,0,
4,62715,Acquisition,0,
2,65994,Activation,1,첫 사용 감사 10% 쿠폰
2,63288,Acquisition,1,회원가입 전용 웰컴 쿠폰 지급
1,57280,Acquisition,0,
2,57930,Revenue,1,오늘 자정까지 구매 시 추가 할인
4,60462,Retention,1,재구매 고객 전용 5천원 할인
3,58001,Acquisition,0,
1,61596,Acquisition,0,
1,18694,Activation,1,24시간 한정 체험 할인
3,27541,Referral,1,추천 성공 시 포인트 적립
3,62172,Activation,0,
2,60941,Retention,0,
0,65457,Retention,1,최근 구매 고객 대상 리워드 지급
2,57565,Revenue,0,
0,33239,Referral,0,
2,65433,Retention,0,
0,62851,Referral,0,
0,64311,Activation,0,
1,62583,Retention,0,
2,21745,Acquisition,0,
0,64744,Retention,0,
0,62995,Referral,1,지인 초대 시 추가 혜택 제공
1,60928,Retention,1,단골 고객 감사 쿠폰
1,47896,Revenue,0,
3,64207,Acquisition,1,회원가입 전용 웰컴 쿠폰 지급
4,57938,Revenue,0,
1,67550,Activation,0,
0,57018,Retention,0,
1,57633,Retention,0,
4,50192,Activation,1,앱 첫 접속 기념 보너스 지급
4,27541,Revenue,0,
0,39995,Acquisition,0,
3,62488,Revenue,1,오늘 자정까지 구매 시 추가 할인
1,57026,Referral,0,
1,46079,Revenue,0,
1,44987,Acquisition,1,첫 구매 무료배송 이벤트
4,67372,Retention,0,
2,59238,Revenue,0,
2,62810,Activation,1,첫 사용 감사 10% 쿠폰
0,59222,Acquisition,1,첫 구매 무료배송 이벤트
2,58749,Retention,1,단골 고객 감사 쿠폰
1,58782,Acquisition,0,
1,56822,Activation,1,앱 첫 접속 기념 보너스 지급
0,31333,Referral,1,추천 성공 시 포인트 적립
4,62897,Acquisition,0,
2,66686,Acquisition,1,신규 고객 대상 첫 구매 15% 할인
2,60573,Revenue,0,
2,62821,Activation,0,
0,48427,Activation,1,첫 사용 감사 10% 쿠폰
3,67654,Referral,1,지인 초대 시 추가 혜택 제공
3,60831,Activation,1,앱 첫 접속 기념 보너스 지급
1,64181,Acquisition,0,
3,53257,Referral,0,
2,63913,Activation,0,
2,67393,Referral,1,추천 성공 시 포인트 적립
2,57018,Activation,1,24시간 한정 체험 할인
4,67168,Activation,1,첫 사용 감사 10% 쿠폰
4,57014,Revenue,1,결제 완료 시 사은품 증정
4,66682,Activation,0,
4,60005,Referral,0,
1,60646,Acquisition,1,첫 구매 무료배송 이벤트
3,67358,Revenue,1,오늘 자정까지 구매 시 추가 할인
4,60459,Activation,0,
1,67738,Activation,1,첫 사용 감사 10% 쿠폰
3,24277,Referral,0,
0,63917,Revenue,0,
3,60863,Activation,0,
4,64207,Acquisition,1,회원가입 전용 웰컴 쿠폰 지급
2,63993,Acquisition,1,첫 구매 무료배송 이벤트
1,66363,Activation,1,첫 사용 감사 10% 쿠폰
2,27540,Acquisition,1,첫 구매 무료배송 이벤트
0,66855,Revenue,1,오늘 자정까지 구매 시 추가 할인
3,60801,Activation,1,앱 첫 접속 기념 보너스 지급
2,66124,Referral,1,친구 추천 시 양쪽 10% 할인
4,66269,Revenue,1,결제 완료 시 사은품 증정
2,67385,Acquisition,0,
2,65432,Activation,0,
2,60005,Revenue,1,장바구니 상품 즉시 10% 할인
3,60864,Acquisition,0,
4,64131,Activation,0,
3,52644,Retention,1,최근 구매 고객 대상 리워드 지급
4,56900,Referral,0,
4,61605,Acquisition,1,신규 고객 대상 첫 구매 15% 할인
4,65427,Acquisition,1,회원가입 전용 웰컴 쿠폰 지급
3,66105,Retention,0,
0,60523,Retention,0,
1,64703,Revenue,0,
4,61207,Referral,0,
3,57272,Referral,0,
0,60162,Acquisition,1,첫 구매 무료배송 이벤트
4,67392,Retention,0,
3,60393,Referral,0,
1,59621,Activation,1,24시간 한정 체험 할인
1,61929,Referral,1,친구 추천 시 양쪽 10% 할인
4,58265,Acquisition,0,
3,63688,Referral,0,
3,56400,Revenue,0,
4,57011,Retention,1,재구매 고객 전용 5천원 할인
2,57367,Acquisition,1,첫 구매 무료배송 이벤트
0,59974,Acquisition,0,
1,52583,Retention,1,단골 고객 감사 쿠폰
3,67372,Retention,0,
1,67654,Retention,0,
3,31334,Acquisition,1,회원가입 전용 웰컴 쿠폰 지급
0,64386,Retention,1,최근 구매 고객 대상 리워드 지급
0,64217,Retention,0,
4,59009,Acquisition,1,첫 구매 무료배송 이벤트
2,18518,Acquisition,0,
4,66081,Revenue,0,
1,57930,Referral,0,
3,66982,Activation,0,
2,57570,Acquisition,0,
3,58978,Activation,0,
4,62821,Revenue,1,결제 완료 시 사은품 증정
3,67261,Referral,0,
3,37467,Referral,1,지인 초대 시 추가 혜택 제공
1,47890,Referral,0,
2,14935,Revenue,0,
3,65867,Retention,1,최근 구매 고객 대상 리워드 지급
1,29798,Referral,0,
0,64006,Referral,1,친구 추천 시 양쪽 10% 할인
3,59263,Revenue,0,
0,67383,Retention,0,
3,56898,Referral,0,
4,67441,Referral,0,
4,64007,Retention,0,
1,64696,Acquisition,1,신규 고객 대상 첫 구매 15% 할인
3,64297,Acquisition,0,
4,60863,Referral,1,추천 성공 시 포인트 적립
2,18694,Activation,1,앱 첫 접속 기념 보너스 지급
1,46086,Retention,0,
4,60646,Retention,1,재구매 고객 전용 5천원 할인
3,62794,Activation,1,24시간 한정 체험 할인
1,20447,Retention,1,재구매 고객 전용 5천원 할인
4,67403,Revenue,0,
4,56822,Retention,0,
3,57567,Retention,1,단골 고객 감사 쿠폰
0,67403,Retention,1,최근 구매 고객 대상 리워드 지급
3,61610,Acquisition,1,회원가입 전용 웰컴 쿠폰 지급
2,57561,Revenue,0,
2,40255,Retention,1,재구매 고객 전용 5천원 할인
3,62620,Revenue,0,
1,60201,Revenue,0,
0,57026,Revenue,1,장바구니 상품 즉시 10% 할인
0,62617,Activation,1,첫 사용 감사 10% 쿠폰
4,62813,Retention,1,재구매 고객 전용 5천원 할인
3,64317,Acquisition,0,
2,61132,Acquisition,0,
0,66675,Acquisition,0,
3,65864,Acquisition,1,회원가입 전용 웰컴 쿠폰 지급
4,24772,Retention,0,
3,20611,Acquisition,0,
1,60701,Revenue,1,장바구니 상품 즉시 10% 할인
4,59265,Activation,0,
3,19948,Referral,0,
3,64512,Acquisition,1,첫 구매 무료배송 이벤트
3,67509,Referral,0,
2,57564,Referral,1,친구 추천 시 양쪽 10% 할인
3,60523,Referral,0,
0,61567,Revenue,0,
4,63464,Acquisition,1,첫 구매 무료배송 이벤트
3,67158,Retention,1,단골 고객 감사 쿠폰
3,57466,Revenue,0,
0,57570,Retention,0,
3,64436,Acquisition,1,회원가입 전용 웰컴 쿠폰 지급
3,62024,Revenue,1,결제 완료 시 사은품 증정
3,64696,Referral,0,
0,56084,Revenue,1,결제 완료 시 사은품 증정
3,66972,Revenue,0,
0,55481,Acquisition,0,
1,66856,Referral,0,
3,67467,Referral,1,지인 초대 시 추가 혜택 제공
1,66682,Activation,1,첫 사용 감사 10% 쿠폰
2,60523,Activation,0,
2,60233,Retention,0,
0,60459,Activation,0,
2,24196,Acquisition,1,첫 구매 무료배송 이벤트
2,60764,Revenue,1,결제 완료 시 사은품 증정
0,20214,Referral,1,친구 추천 시 양쪽 10% 할인
1,61935,Revenue,0,
4,60062,Acquisition,1,신규 고객 대상 첫 구매 15% 할인
2,66687,Revenue,1,결제 완료 시 사은품 증정
1,62168,Referral,1,추천 성공 시 포인트 적립
1,61256,Activation,1,첫 사용 감사 10% 쿠폰
3,63928,Retention,1,재구매 고객 전용 5천원 할인
0,61425,Referral,0,
2,62163,Referral,1,친구 추천 시 양쪽 10% 할인
3,67403,Referral,0,
0,65318,Referral,0,
0,67654,Acquisition,1,첫 구매 무료배송 이벤트
0,57584,Referral,0,
4,36430,Revenue,0,
2,59499,Acquisition,1,첫 구매 무료배송 이벤트
0,60085,Activation,0,
4,59012,Revenue,1,오늘 자정까지 구매 시 추가 할인
1,60925,Revenue,1,장바구니 상품 즉시 10% 할인
1,63995,Revenue,0,
1,65604,Revenue,0,
4,57568,Acquisition,1,신규 고객 대상 첫 구매 15% 할인
2,67658,Activation,0,
1,67549,Activation,1,앱 첫 접속 기념 보너스 지급
2,59568,Referral,0,
1,50913,Retention,0,
2,49308,Acquisition,0,
4,61936,Activation,1,앱 첫 접속 기념 보너스 지급
0,47890,Acquisition,1,첫 구매 무료배송 이벤트
2,66682,Acquisition,0,
0,66682,Referral,1,지인 초대 시 추가 혜택 제공
2,35103,Activation,0,
4,66842,Retention,1,재구매 고객 전용 5천원 할인
1,64701,Retention,0,
1,67451,Retention,0,
4,56087,Revenue,0,
1,62165,Activation,1,앱 첫 접속 기념 보너스 지급
1,40255,Revenue,0,
1,60461,Revenue,0,
3,21456,Revenue,1,장바구니 상품 즉시 10% 할인
1,62995,Referral,1,지인 초대 시 추가 혜택 제공
0,65935,Referral,1,친구 추천 시 양쪽 10% 할인
4,50913,Acquisition,1,회원가입 전용 웰컴 쿠폰 지급
3,67451,Acquisition,0,
1,67440,Activation,0,
2,60083,Activation,0,
3,64311,Referral,1,친구 추천 시 양쪽 10% 할인
3,17006,Acquisition,1,첫 구매 무료배송 이벤트
0,66426,Acquisition,0,
1,64704,Revenue,0,
1,61724,Retention,1,재구매 고객 전용 5천원 할인
1,19048,Retention,0,
1,66886,Retention,1,재구매 고객 전용 5천원 할인
1,61567,Referral,0,
4,64311,Retention,1,재구매 고객 전용 5천원 할인
2,63996,Retention,1,단골 고객 감사 쿠폰
1,18417,Revenue,0,
2,59266,Activation,0,
0,53257,Referral,0,
0,62164,Acquisition,0,
1,66605,Revenue,0,
1,57617,Retention,1,단골 고객 감사 쿠폰
1,15571,Acquisition,0,
3,57019,Revenue,1,오늘 자정까지 구매 시 추가 할인
1,58233,Referral,0,
2,52583,Retention,1,최근 구매 고객 대상 리워드 지급
2,62272,Referral,1,추천 성공 시 포인트 적립
4,59524,Revenue,1,오늘 자정까지 구매 시 추가 할인
2,50913,Acquisition,1,첫 구매 무료배송 이벤트
2,57023,Activation,1,24시간 한정 체험 할인
0,64632,Retention,0,
3,60231,Referral,1,지인 초대 시 추가 혜택 제공
0,60084,Acquisition,0,
1,19045,Acquisition,1,신규 고객 대상 첫 구매 15% 할인
1,60892,Activation,1,앱 첫 접속 기념 보너스 지급
3,61694,Revenue,1,결제 완료 시 사은품 증정
0,32260,Activation,0,
1,21365,Activation,1,24시간 한정 체험 할인
1,66424,Revenue,0,
0,66016,Revenue,1,장바구니 상품 즉시 10% 할인
4,60505,Revenue,1,결제 완료 시 사은품 증정
3,60651,Acquisition,1,회원가입 전용 웰컴 쿠폰 지급
2,60201,Acquisition,1,첫 구매 무료배송 이벤트
1,20611,Retention,0,
1,65668,Retention,1,최근 구매 고객 대상 리워드 지급
0,63995,Activation,0,
1,61962,Activation,0,
1,61942,Retention,0,
0,57936,Referral,0,
0,65604,Activation,1,앱 첫 접속 기념 보너스 지급
1,50191,Referral,1,추천 성공 시 포인트 적립
3,59008,Referral,0,
4,50912,Revenue,0,
3,67623,Acquisition,1,회원가입 전용 웰컴 쿠폰 지급
4,65589,Retention,1,단골 고객 감사 쿠폰
4,57273,Acquisition,1,신규 고객 대상 첫 구매 15% 할인
0,48264,Retention,0,
1,67260,Acquisition,1,첫 구매 무료배송 이벤트
3,57934,Retention,1,재구매 고객 전용 5천원 할인
2,63714,Acquisition,0,
4,62811,Revenue,1,오늘 자정까지 구매 시 추가 할인
3,61206,Referral,0,
1,50915,Retention,0,
4,63655,Referral,0,
2,66982,Retention,1,단골 고객 감사 쿠폰
3,53229,Retention,0,
1,47895,Revenue,0,
2,62811,Acquisition,0,
4,18312,Retention,0,
3,58268,Acquisition,0,
2,61153,Revenue,0,
3,63156,Activation,1,앱 첫 접속 기념 보너스 지급
3,56947,Referral,0,
0,59221,Retention,1,재구매 고객 전용 5천원 할인
1,62163,Revenue,0,
1,61930,Acquisition,0,
2,67441,Retention,1,단골 고객 감사 쿠폰
3,60389,Acquisition,1,신규 고객 대상 첫 구매 15% 할인
1,59012,Activation,0,
1,58365,Retention,0,
0,56085,Referral,1,추천 성공 시 포인트 적립
4,66837,Retention,1,최근 구매 고객 대상 리워드 지급
4,50850,Referral,1,친구 추천 시 양쪽 10% 할인
4,64702,Acquisition,1,첫 구매 무료배송 이벤트
3,67460,Retention,1,재구매 고객 전용 5천원 할인
0,67358,Revenue,0,
0,62166,Revenue,1,결제 완료 시 사은품 증정
2,65668,Activation,0,
4,61206,Revenue,1,오늘 자정까지 구매 시 추가 할인
2,65588,Activation,0,
2,62620,Acquisition,0,
4,31334,Referral,0,
3,60888,Acquisition,0,
0,57600,Referral,0,
2,21456,Referral,1,추천 성공 시 포인트 적립
2,63621,Activation,1,24시간 한정 체험 할인
2,61422,Revenue,1,결제 완료 시 사은품 증정
2,62851,Revenue,1,오늘 자정까지 구매 시 추가 할인
0,62518,Activation,1,앱 첫 접속 기념 보너스 지급
4,60083,Activation,1,앱 첫 접속 기념 보너스 지급
1,56084,Acquisition,1,회원가입 전용 웰컴 쿠폰 지급
4,64816,Activation,0,
4,66073,Revenue,0,
4,62214,Activation,1,앱 첫 접속 기념 보너스 지급
4,57282,Activation,1,첫 사용 감사 10% 쿠폰
2,53259,Referral,0,
1,66849,Activation,1,첫 사용 감사 10% 쿠폰
3,66124,Acquisition,0,
3,46086,Activation,1,앱 첫 접속 기념 보너스 지급
3,57633,Retention,1,단골 고객 감사 쿠폰
4,66731,Retention,0,
1,57600,Referral,0,
0,51567,Referral,1,친구 추천 시 양쪽 10% 할인
4,21365,Retention,1,단골 고객 감사 쿠폰
4,65869,Referral,1,추천 성공 시 포인트 적립
0,61420,Referral,0,
1,63621,Revenue,1,결제 완료 시 사은품 증정
0,67393,Revenue,1,오늘 자정까지 구매 시 추가 할인
2,64187,Activation,1,앱 첫 접속 기념 보너스 지급
0,63919,Retention,1,재구매 고객 전용 5천원 할인
3,52631,Acquisition,1,회원가입 전용 웰컴 쿠폰 지급
0,65868,Retention,0,
3,63077,Retention,0,
0,63464,Revenue,0,
1,67509,Revenue,1,장바구니 상품 즉시 10% 할인
1,47415,Referral,1,추천 성공 시 포인트 적립
3,64096,Acquisition,1,신규 고객 대상 첫 구매 15% 할인
0,48426,Revenue,1,오늘 자정까지 구매 시 추가 할인
3,59996,Referral,1,지인 초대 시 추가 혜택 제공
1,62214,Acquisition,0,
1,60382,Revenue,0,
1,57028,Retention,1,재구매 고객 전용 5천원 할인
1,57999,Retention,0,
2,60459,Acquisition,1,첫 구매 무료배송 이벤트
1,66083,Acquisition,1,첫 구매 무료배송 이벤트
3,59422,Revenue,1,장바구니 상품 즉시 10% 할인
2,57039,Revenue,0,
3,66689,Acquisition,0,
3,67149,Acquisition,0,
3,64905,Referral,1,추천 성공 시 포인트 적립
1,61965,Referral,1,추천 성공 시 포인트 적립
4,67739,Referral,0,
3,63076,Retention,0,
2,57019,Retention,0,
0,14816,Referral,0,
4,63921,Referral,0,
1,62172,Acquisition,0,
0,60461,Retention,0,
3,64318,Referral,0,
4,57573,Activation,1,첫 사용 감사 10% 쿠폰
2,65950,Revenue,0,
4,67385,Referral,1,지인 초대 시 추가 혜택 제공
1,66730,Retention,0,
4,51990,Referral,1,지인 초대 시 추가 혜택 제공
3,59009,Activation,1,24시간 한정 체험 할인
3,21745,Acquisition,1,첫 구매 무료배송 이벤트
2,62897,Retention,1,단골 고객 감사 쿠폰
2,66685,Acquisition,0,
0,52631,Revenue,0,
3,60233,Acquisition,0,
2,59197,Referral,1,친구 추천 시 양쪽 10% 할인
3,57569,Activation,1,첫 사용 감사 10% 쿠폰
1,62183,Acquisition,1,신규 고객 대상 첫 구매 15% 할인
3,67388,Activation,0,
2,59555,Retention,1,단골 고객 감사 쿠폰
0,66912,Retention,1,최근 구매 고객 대상 리워드 지급
3,20006,Referral,1,지인 초대 시 추가 혜택 제공
0,57792,Referral,0,
4,20611,Referral,1,추천 성공 시 포인트 적립
2,62167,Activation,0,
4,66363,Revenue,1,장바구니 상품 즉시 10% 할인
4,56301,Revenue,0,
3,63917,Revenue,1,결제 완료 시 사은품 증정
1,61307,Retention,0,
0,20006,Retention,0,
0,59012,Revenue,0,
3,62174,Referral,0,
4,61850,Acquisition,0,
0,60888,Revenue,0,
2,61724,Acquisition,1,신규 고객 대상 첫 구매 15% 할인
3,57777,Revenue,1,오늘 자정까지 구매 시 추가 할인
1,61955,Acquisition,0,
3,67392,Referral,0,
1,67157,Retention,1,단골 고객 감사 쿠폰
2,66842,Revenue,0,
4,63916,Revenue,0,
2,58928,Referral,0,
1,64008,Activation,0,
2,62813,Revenue,1,오늘 자정까지 구매 시 추가 할인
4,48427,Acquisition,1,신규 고객 대상 첫 구매 15% 할인
3,64385,Referral,1,지인 초대 시 추가 혜택 제공
1,40256,Activation,1,첫 사용 감사 10% 쿠폰
1,58265,Revenue,1,장바구니 상품 즉시 10% 할인
1,66686,Revenue,1,결제 완료 시 사은품 증정
2,57014,Retention,1,최근 구매 고객 대상 리워드 지급
2,64702,Activation,1,24시간 한정 체험 할인
1,57561,Referral,0,
3,59010,Acquisition,1,회원가입 전용 웰컴 쿠폰 지급
2,60162,Revenue,1,결제 완료 시 사은품 증정
4,57028,Referral,1,친구 추천 시 양쪽 10% 할인
1,57227,Retention,0,
1,59288,Revenue,0,
0,19757,Activation,1,24시간 한정 체험 할인
0,61127,Referral,1,지인 초대 시 추가 혜택 제공
2,63997,Acquisition,1,신규 고객 대상 첫 구매 15% 할인
0,35103,Retention,0,
3,66081,Referral,1,추천 성공 시 포인트 적립
2,65993,Revenue,0,
4,62794,Acquisition,1,신규 고객 대상 첫 구매 15% 할인
3,66235,Revenue,1,장바구니 상품 즉시 10% 할인
2,62488,Revenue,1,장바구니 상품 즉시 10% 할인
0,60390,Activation,1,24시간 한정 체험 할인
0,53259,Activation,1,앱 첫 접속 기념 보너스 지급
4,57792,Revenue,1,오늘 자정까지 구매 시 추가 할인
3,57557,Retention,0,
4,47513,Activation,0,
0,57028,Activation,0,
3,60086,Activation,0,
0,18518,Activation,1,24시간 한정 체험 할인
3,53320,Acquisition,1,신규 고객 대상 첫 구매 15% 할인
0,56088,Revenue,0,
0,22205,Acquisition,0,
0,61596,Referral,1,친구 추천 시 양쪽 10% 할인
0,60925,Referral,1,친구 추천 시 양쪽 10% 할인
0,52644,Referral,1,지인 초대 시 추가 혜택 제공
2,60774,Acquisition,1,첫 구매 무료배송 이벤트
1,61941,Revenue,1,오늘 자정까지 구매 시 추가 할인
2,66076,Referral,1,지인 초대 시 추가 혜택 제공
4,63154,Activation,0,
0,58670,Referral,0,
3,19046,Retention,1,재구매 고객 전용 5천원 할인
3,65950,Activation,0,
3,56154,Activation,1,앱 첫 접속 기념 보너스 지급
2,63076,Activation,1,24시간 한정 체험 할인
2,61935,Referral,1,추천 성공 시 포인트 적립
3,63464,Activation,0,
0,57272,Retention,0,
4,66908,Acquisition,1,회원가입 전용 웰컴 쿠폰 지급
3,63916,Retention,0,
0,57560,Revenue,1,결제 완료 시 사은품 증정
0,51568,Activation,0,
4,60041,Retention,1,단골 고객 감사 쿠폰
0,64007,Referral,0,
0,40256,Revenue,1,오늘 자정까지 구매 시 추가 할인
1,61963,Retention,0,
0,18621,Activation,0,
4,59972,Referral,1,지인 초대 시 추가 혜택 제공
3,64321,Activation,0,
2,63077,Revenue,1,오늘 자정까지 구매 시 추가 할인
3,64885,Retention,1,단골 고객 감사 쿠폰
0,65431,Activation,1,24시간 한정 체험 할인
4,59422,Revenue,1,결제 완료 시 사은품 증정
2,59223,Referral,1,추천 성공 시 포인트 적립
3,60062,Retention,1,단골 고객 감사 쿠폰
0,46086,Retention,1,재구매 고객 전용 5천원 할인
0,67569,Revenue,0,
4,67509,Retention,1,최근 구매 고객 대상 리워드 지급
3,67390,Referral,0,
0,60863,Referral,0,
0,61429,Retention,1,재구매 고객 전용 5천원 할인
1,66852,Activation,0,
4,66540,Activation,0,
2,53320,Referral,1,친구 추천 시 양쪽 10% 할인
2,52299,Activation,1,앱 첫 접속 기념 보너스 지급
4,59263,Revenue,1,오늘 자정까지 구매 시 추가 할인
4,60801,Acquisition,0,
0,59219,Retention,0,
0,18880,Revenue,0,
4,47176,Referral,0,
3,65449,Acquisition,1,회원가입 전용 웰컴 쿠폰 지급
1,59902,Referral,1,지인 초대 시 추가 혜택 제공
4,65868,Acquisition,1,신규 고객 대상 첫 구매 15% 할인
2,66713,Revenue,0,
3,65330,Acquisition,1,첫 구매 무료배송 이벤트
2,50192,Activation,0,
0,47897,Revenue,0,
2,63620,Retention,1,단골 고객 감사 쿠폰
1,60863,Referral,1,추천 성공 시 포인트 적립
0,59555,Activation,0,
0,50165,Retention,1,최근 구매 고객 대상 리워드 지급
4,63688,Acquisition,0,
1,61925,Activation,0,
3,18312,Retention,1,재구매 고객 전용 5천원 할인
4,61715,Revenue,1,오늘 자정까지 구매 시 추가 할인
2,21364,Acquisition,0,
4,56947,Retention,0,
1,64007,Acquisition,0,
3,58365,Retention,1,재구매 고객 전용 5천원 할인
1,60162,Referral,0,
2,60084,Revenue,0,
1,59287,Activation,1,앱 첫 접속 기념 보너스 지급
2,61967,Retention,1,최근 구매 고객 대상 리워드 지급
4,48426,Acquisition,1,회원가입 전용 웰컴 쿠폰 지급
4,40256,Revenue,1,오늘 자정까지 구매 시 추가 할인
3,63993,Activation,1,앱 첫 접속 기념 보너스 지급
1,60765,Acquisition,1,신규 고객 대상 첫 구매 15% 할인
3,62972,Revenue,0,
1,50192,Acquisition,0,
0,58347,Revenue,0,
1,45693,Activation,1,24시간 한정 체험 할인
4,33239,Activation,0,
1,47891,Acquisition,1,첫 구매 무료배송 이벤트
2,67493,Revenue,0,
3,60459,Retention,0,
2,57560,Activation,0,
2,64704,Retention,0,
3,64489,Retention,0,
4,18518,Referral,1,친구 추천 시 양쪽 10% 할인
1,61949,Acquisition,1,회원가입 전용 웰컴 쿠폰 지급
3,22205,Acquisition,0,
0,56429,Acquisition,0,
2,53655,Revenue,1,결제 완료 시 사은품 증정
4,53249,Activation,1,24시간 한정 체험 할인
2,60928,Activation,0,
2,59134,Referral,0,
2,60407,Referral,0,
2,64696,Referral,1,추천 성공 시 포인트 적립
1,61206,Retention,1,단골 고객 감사 쿠폰
1,67156,Acquisition,1,첫 구매 무료배송 이벤트
3,58429,Revenue,1,오늘 자정까지 구매 시 추가 할인
0,57557,Activation,1,24시간 한정 체험 할인
3,57572,Revenue,0,
2,61928,Acquisition,1,첫 구매 무료배송 이벤트
2,61207,Acquisition,1,회원가입 전용 웰컴 쿠폰 지급
4,61586,Activation,1,24시간 한정 체험 할인
1,60886,Retention,0,
0,20611,Referral,0,
0,58396,Retention,1,단골 고객 감사 쿠폰
4,63996,Acquisition,0,
1,61153,Acquisition,0,
1,48264,Retention,0,
1,57781,Referral,0,
1,61939,Referral,0,
3,62851,Acquisition,0,
0,59422,Referral,0,
0,66852,Referral,0,
3,57027,Activation,1,첫 사용 감사 10% 쿠폰
4,67261,Activation,0,
2,56949,Revenue,1,결제 완료 시 사은품 증정
0,61945,Retention,1,단골 고객 감사 쿠폰
4,57041,Acquisition,0,
2,61256,Referral,0,
0,61432,Revenue,0,
3,59499,Activation,0,
1,60648,Referral,0,
0,52628,Retention,0,
2,61238,Activation,1,첫 사용 감사 10% 쿠폰
4,66083,Acquisition,1,신규 고객 대상 첫 구매 15% 할인
4,66687,Referral,1,추천 성공 시 포인트 적립
4,39994,Revenue,0,
1,61610,Acquisition,1,회원가입 전용 웰컴 쿠폰 지급
2,59899,Referral,1,친구 추천 시 양쪽 10% 할인
4,49308,Referral,0,
3,60766,Referral,0,
4,63011,Referral,0,
2,57026,Referral,1,추천 성공 시 포인트 적립
1,61850,Acquisition,1,첫 구매 무료배송 이벤트
0,59265,Retention,0,
1,57024,Retention,1,단골 고객 감사 쿠폰
4,36790,Acquisition,0,
1,56898,Retention,1,단골 고객 감사 쿠폰
2,21365,Revenue,0,
3,60005,Revenue,0,
2,62183,Acquisition,1,회원가입 전용 웰컴 쿠폰 지급
1,59499,Revenue,0,
0,63914,Acquisition,0,
3,59197,Revenue,1,오늘 자정까지 구매 시 추가 할인
4,60390,Activation,0,
2,57566,Acquisition,0,
2,66269,Referral,1,추천 성공 시 포인트 적립
2,60886,Revenue,0,
0,62175,Activation,1,24시간 한정 체험 할인
0,57938,Acquisition,1,첫 구매 무료배송 이벤트
4,64385,Revenue,1,장바구니 상품 즉시 10% 할인
4,50918,Referral,0,
1,66124,Revenue,0,
1,67441,Activation,1,앱 첫 접속 기념 보너스 지급
4,62163,Retention,0,
4,65044,Retention,1,최근 구매 고객 대상 리워드 지급
0,60005,Activation,1,24시간 한정 체험 할인
4,64512,Activation,0,
1,63688,Acquisition,0,
4,64632,Retention,0,
3,63997,Acquisition,0,
0,14935,Revenue,0,
3,58395,Activation,1,24시간 한정 체험 할인
2,57572,Acquisition,0,
4,27540,Activation,0,
3,56086,Acquisition,0,
0,58262,Revenue,0,
4,59218,Revenue,1,결제 완료 시 사은품 증정
1,60831,Referral,0,
4,62168,Retention,1,단골 고객 감사 쿠폰
2,64465,Referral,1,친구 추천 시 양쪽 10% 할인
3,65993,Retention,1,최근 구매 고객 대상 리워드 지급
2,61936,Revenue,1,오늘 자정까지 구매 시 추가 할인
2,60787,Acquisition,0,
0,62172,Activation,0,
1,61937,Revenue,0,
4,65864,Revenue,0,
3,64123,Acquisition,1,회원가입 전용 웰컴 쿠폰 지급
1,66857,Revenue,1,장바구니 상품 즉시 10% 할인
3,47415,Revenue,1,장바구니 상품 즉시 10% 할인
1,37467,Acquisition,1,첫 구매 무료배송 이벤트
0,51319,Revenue,0,
4,57901,Retention,0,
3,59568,Retention,0,
4,66897,Retention,0,
4,60461,Retention,0,
3,64394,Revenue,0,
3,54433,Activation,1,24시간 한정 체험 할인
2,61126,Retention,1,단골 고객 감사 쿠폰
2,60765,Retention,1,재구매 고객 전용 5천원 할인
2,59222,Revenue,1,장바구니 상품 즉시 10% 할인
3,50850,Referral,0,
3,60573,Revenue,1,오늘 자정까지 구매 시 추가 할인
2,19045,Acquisition,1,회원가입 전용 웰컴 쿠폰 지급
3,19045,Retention,0,
1,60774,Acquisition,0,
1,57042,Retention,1,재구매 고객 전용 5천원 할인
3,61238,Referral,1,지인 초대 시 추가 혜택 제공
0,46016,Activation,1,앱 첫 접속 기념 보너스 지급
4,61256,Referral,1,지인 초대 시 추가 혜택 제공
1,47893,Revenue,1,결제 완료 시 사은품 증정
1,58429,Revenue,1,오늘 자정까지 구매 시 추가 할인
2,47513,Acquisition,1,회원가입 전용 웰컴 쿠폰 지급
2,66424,Acquisition,0,
4,57569,Revenue,0,
1,53259,Revenue,0,
3,57938,Revenue,0,
4,64558,Retention,0,
0,64488,Referral,0,
0,19777,Retention,1,단골 고객 감사 쿠폰
3,66687,Activation,1,첫 사용 감사 10% 쿠폰
0,14973,Retention,1,최근 구매 고객 대상 리워드 지급
0,59266,Revenue,0,
3,63996,Retention,1,최근 구매 고객 대상 리워드 지급
3,62583,Acquisition,1,신규 고객 대상 첫 구매 15% 할인
1,24277,Revenue,0,
2,64096,Referral,0,
0,67388,Retention,1,단골 고객 감사 쿠폰
4,63156,Revenue,1,장바구니 상품 즉시 10% 할인
3,60083,Acquisition,0,
1,55406,Acquisition,1,첫 구매 무료배송 이벤트
4,66676,Retention,1,재구매 고객 전용 5천원 할인
1,53255,Revenue,0,
1,61945,Referral,0,
3,58928,Activation,1,24시간 한정 체험 할인
4,66605,Acquisition,1,신규 고객 대상 첫 구매 15% 할인
1,60801,Activation,0,
0,67160,Referral,0,
4,57069,Retention,1,단골 고객 감사 쿠폰
1,57567,Acquisition,0,
4,57567,Activation,1,첫 사용 감사 10% 쿠폰
0,19019,Acquisition,0,
4,67125,Activation,1,앱 첫 접속 기념 보너스 지급
4,20468,Revenue,1,장바구니 상품 즉시 10% 할인
4,52583,Revenue,1,오늘 자정까지 구매 시 추가 할인
0,65589,Retention,0,
4,63634,Referral,0,
2,56947,Acquisition,0,
4,66075,Referral,0,
2,60888,Activation,1,앱 첫 접속 기념 보너스 지급
1,59524,Retention,1,단골 고객 감사 쿠폰
2,48426,Revenue,0,
2,57617,Revenue,0,
1,36790,Retention,1,단골 고객 감사 쿠폰
4,61424,Acquisition,1,회원가입 전용 웰컴 쿠폰 지급
2,66683,Referral,0,
0,62769,Activation,1,첫 사용 감사 10% 쿠폰
1,65449,Referral,1,지인 초대 시 추가 혜택 제공
3,40255,Revenue,0,
0,47176,Retention,0,
2,66911,Revenue,1,결제 완료 시 사은품 증정
0,62897,Revenue,1,오늘 자정까지 구매 시 추가 할인
4,66272,Activation,0,
1,67467,Acquisition,0,
1,63464,Acquisition,1,회원가입 전용 웰컴 쿠폰 지급
0,65460,Activation,1,24시간 한정 체험 할인
0,57940,Retention,1,단골 고객 감사 쿠폰
4,57570,Referral,0,
1,67551,Retention,1,재구매 고객 전용 5천원 할인
3,50919,Referral,1,추천 성공 시 포인트 적립
0,64958,Acquisition,1,첫 구매 무료배송 이벤트
2,62812,Revenue,0,
2,57462,Revenue,1,결제 완료 시 사은품 증정
4,57272,Retention,0,
3,64816,Activation,0,
1,64385,Referral,1,친구 추천 시 양쪽 10% 할인
1,56098,Revenue,1,결제 완료 시 사은품 증정
1,59974,Retention,0,
1,66850,Activation,0,
0,21365,Acquisition,0,
2,62995,Activation,1,앱 첫 접속 기념 보너스 지급
4,66076,Acquisition,0,
4,56086,Retention,1,최근 구매 고객 대상 리워드 지급
4,60085,Activation,1,앱 첫 접속 기념 보너스 지급
3,60990,Retention,1,최근 구매 고객 대상 리워드 지급
0,59223,Acquisition,0,
1,61933,Revenue,0,
1,59422,Revenue,1,장바구니 상품 즉시 10% 할인
0,50912,Acquisition,1,회원가입 전용 웰컴 쿠폰 지급
0,62213,Referral,1,추천 성공 시 포인트 적립
0,62813,Referral,1,추천 성공 시 포인트 적립
2,64490,Revenue,1,결제 완료 시 사은품 증정
1,64641,Revenue,0,
4,59264,Activation,0,
2,60522,Activation,0,
1,50007,Revenue,0,
1,33239,Referral,1,지인 초대 시 추가 혜택 제공
3,59217,Activation,1,첫 사용 감사 10% 쿠폰
1,27540,Acquisition,1,첫 구매 무료배송 이벤트
2,57038,Activation,1,첫 사용 감사 10% 쿠폰
2,63928,Activation,0,
2,57999,Activation,0,
2,58670,Retention,0,
1,65864,Acquisition,1,신규 고객 대상 첫 구매 15% 할인
3,59083,Revenue,0,
0,58001,Referral,1,추천 성공 시 포인트 적립
0,58930,Referral,0,
0,35102,Revenue,1,결제 완료 시 사은품 증정
3,60900,Retention,0,
1,52631,Referral,0,
1,65994,Activation,0,
0,18312,Referral,1,추천 성공 시 포인트 적립
2,60062,Acquisition,0,
1,17686,Acquisition,1,회원가입 전용 웰컴 쿠폰 지급
4,66337,Revenue,0,
2,19019,Retention,1,최근 구매 고객 대상 리워드 지급
3,56098,Retention,0,
2,66908,Referral,1,친구 추천 시 양쪽 10% 할인
3,60647,Retention,0,
2,53249,Retention,0,
1,60522,Referral,1,친구 추천 시 양쪽 10% 할인
2,59621,Acquisition,1,첫 구매 무료배송 이벤트
0,63621,Activation,0,
0,64704,Revenue,1,오늘 자정까지 구매 시 추가 할인
3,64386,Acquisition,0,
0,65430,Retention,0,
3,53249,Retention,1,단골 고객 감사 쿠폰
0,45693,Referral,1,지인 초대 시 추가 혜택 제공
2,60795,Revenue,0,
4,60499,Activation,0,
4,64006,Referral,0,
2,67439,Referral,0,
3,66269,Activation,1,앱 첫 접속 기념 보너스 지급
0,57571,Activation,1,앱 첫 접속 기념 보너스 지급
1,57462,Retention,1,단골 고객 감사 쿠폰
1,47899,Referral,1,친구 추천 시 양쪽 10% 할인
4,56949,Acquisition,0,
1,67392,Acquisition,1,신규 고객 대상 첫 구매 15% 할인
3,62227,Referral,1,친구 추천 시 양쪽 10% 할인
1,66675,Activation,1,첫 사용 감사 10% 쿠폰
0,40255,Revenue,1,장바구니 상품 즉시 10% 할인
4,56085,Activation,1,첫 사용 감사 10% 쿠폰
1,32260,Activation,0,
0,56400,Revenue,0,
4,65431,Activation,1,첫 사용 감사 10% 쿠폰
0,47415,Revenue,1,결제 완료 시 사은품 증정
1,62167,Referral,1,추천 성공 시 포인트 적립
2,58930,Revenue,0,
0,57040,Acquisition,0,
4,57587,Revenue,0,
3,57026,Activation,1,앱 첫 접속 기념 보너스 지급
0,24277,Referral,1,추천 성공 시 포인트 적립
2,67623,Revenue,0,
0,47895,Activation,0,
2,59709,Revenue,1,결제 완료 시 사은품 증정
2,60041,Referral,0,
3,62175,Referral,1,지인 초대 시 추가 혜택 제공
4,67439,Acquisition,1,회원가입 전용 웰컴 쿠폰 지급
4,35103,Referral,1,추천 성공 시 포인트 적립
3,58782,Activation,1,첫 사용 감사 10% 쿠폰
0,66687,Referral,1,추천 성공 시 포인트 적립
1,64395,Referral,0,
0,53145,Activation,0,
3,64660,Activation,0,
2,57573,Referral,1,지인 초대 시 추가 혜택 제공
1,60465,Referral,0,
4,56429,Revenue,0,
0,59218,Referral,0,
4,37467,Acquisition,0,
2,59263,Acquisition,1,첫 구매 무료배송 이벤트
1,62166,Acquisition,0,
4,62174,Acquisition,1,첫 구매 무료배송 이벤트
